"bulan","month","avg_sales","total_sales"
"1","jan","145385.63028985503","20063216.979999993"
"2","feb","154760.9733962264","8202331.59"
"3","mar","82133.2790322581","2546131.650000001"
"4","apr","190592.44905660386","10101399.800000004"
"5","may","109998.7736538462","5719936.230000002"
"6","jun","112323.8647826087","2583448.89"
