"cabang_sales","group","avg_sales","total_sales"
"Jakarta","Klinik","258541.58936170206","12151454.699999997"
"Kuningan","Apotek","170614.914893617","8018901"
"Bekasi","Apotek","130111.86347826089","5985145.720000001"
"Tangerang","Klinik","119236.46595744681","5604113.9"
"Bandung","Apotek","118839.40106382976","5585451.849999999"
"Aceh","Apotek","100646.64191489361","4730392.17"
"Padang","Apotek","92173.46739130435","4239979.5"
"Lampung","Klinik","126131.57826086957","2901026.3000000003"
